loss,iteration,epoch,batch,time
185.62619018554688,0,0,0,2.130594253540039
142.50750732421875,1,0,1,2.7244794368743896
96.07193756103516,2,0,2,3.314615249633789
62.37384033203125,3,1,0,4.8520872592926025
40.33517074584961,4,1,1,5.4972851276397705
27.69960594177246,5,1,2,6.097000360488892
22.897151947021484,6,2,0,6.895429849624634
23.015113830566406,7,2,1,7.51398491859436
21.91889762878418,8,2,2,8.104410648345947
19.13140869140625,9,3,0,9.009997606277466
20.09069061279297,10,3,1,9.673828363418579
20.363243103027344,11,3,2,10.354890584945679
19.063583374023438,12,4,0,11.201730251312256
19.494293212890625,13,4,1,11.838263988494873
19.376859664916992,14,4,2,12.490655660629272
19.526700973510742,15,5,0,13.309175968170166
17.475130081176758,16,5,1,13.920345544815063
18.125335693359375,17,5,2,14.512266159057617
19.646743774414062,18,6,0,15.31450605392456
18.299467086791992,19,6,1,15.936646461486816
17.26873207092285,20,6,2,16.545369625091553
16.614965438842773,21,7,0,17.38892674446106
17.583087921142578,22,7,1,18.030299425125122
18.55908966064453,23,7,2,18.646701335906982
17.04509162902832,24,8,0,19.48745059967041
17.394956588745117,25,8,1,20.087390422821045
15.383549690246582,26,8,2,20.70191264152527
18.97425079345703,27,9,0,21.48477292060852
16.66008186340332,28,9,1,22.099399089813232
16.022037506103516,29,9,2,22.703089714050293
16.826597213745117,30,10,0,23.526777744293213
16.938098907470703,31,10,1,24.159391403198242
16.361331939697266,32,10,2,24.759397983551025
15.00320053100586,33,11,0,25.583134412765503
16.026142120361328,34,11,1,26.191355228424072
14.827421188354492,35,11,2,26.794636964797974
15.842958450317383,36,12,0,27.58965826034546
16.411136627197266,37,12,1,28.20236873626709
16.07767677307129,38,12,2,28.809629201889038
14.306476593017578,39,13,0,29.617781400680542
16.094289779663086,40,13,1,30.22622299194336
15.066650390625,41,13,2,30.842629194259644
14.753609657287598,42,14,0,31.620912551879883
15.11042594909668,43,14,1,32.229958057403564
15.48672866821289,44,14,2,32.86174941062927
13.622659683227539,45,15,0,33.65773606300354
14.614612579345703,46,15,1,34.261895179748535
14.216075897216797,47,15,2,34.88020586967468
15.114558219909668,48,16,0,35.67082500457764
14.962618827819824,49,16,1,36.305854082107544
13.254952430725098,50,16,2,36.895482540130615
13.146408081054688,51,17,0,37.68090867996216
14.942123413085938,52,17,1,38.292766094207764
13.579944610595703,53,17,2,38.89850115776062
12.033300399780273,54,18,0,39.69638729095459
14.205001831054688,55,18,1,40.278802156448364
11.77021312713623,56,18,2,40.88094520568848
13.694705963134766,57,19,0,41.688745975494385
14.056026458740234,58,19,1,42.28793120384216
12.699542045593262,59,19,2,42.857656478881836
12.405593872070312,60,20,0,43.65112042427063
12.335655212402344,61,20,1,44.23553943634033
14.950569152832031,62,20,2,44.84546780586243
13.206549644470215,63,21,0,45.65923833847046
11.785276412963867,64,21,1,46.272955656051636
12.037405014038086,65,21,2,46.89788746833801
11.775521278381348,66,22,0,47.71184277534485
12.665776252746582,67,22,1,48.31669044494629
11.019460678100586,68,22,2,48.92879915237427
13.866360664367676,69,23,0,49.687026500701904
12.498735427856445,70,23,1,50.289814710617065
13.294160842895508,71,23,2,50.91529583930969
8.729166030883789,72,24,0,51.70271563529968
12.305606842041016,73,24,1,52.306110858917236
11.34269905090332,74,24,2,52.932663679122925
10.709580421447754,75,25,0,53.72238779067993
11.394890785217285,76,25,1,54.31824994087219
10.199737548828125,77,25,2,54.92341613769531
11.232772827148438,78,26,0,55.70333123207092
12.782115936279297,79,26,1,56.29271650314331
9.780885696411133,80,26,2,56.88925504684448
10.478214263916016,81,27,0,57.6733124256134
9.071065902709961,82,27,1,58.258612871170044
10.669306755065918,83,27,2,58.84143877029419
9.566590309143066,84,28,0,59.6438364982605
10.084829330444336,85,28,1,60.2548143863678
10.478885650634766,86,28,2,60.838072776794434
8.2474365234375,87,29,0,61.6422803401947
8.970516204833984,88,29,1,62.26034069061279
8.544111251831055,89,29,2,62.841432094573975
8.944372177124023,90,30,0,63.61965489387512
8.258817672729492,91,30,1,64.21005153656006
7.947644233703613,92,30,2,64.79504609107971
9.266135215759277,93,31,0,65.58890414237976
7.529634475708008,94,31,1,66.19913244247437
7.881586074829102,95,31,2,66.8190004825592
7.929169654846191,96,32,0,67.64076471328735
7.443498134613037,97,32,1,68.23030638694763
9.308133125305176,98,32,2,68.83186435699463
7.5288801193237305,99,33,0,69.6029703617096
6.539941310882568,100,33,1,70.21735739707947
6.215394496917725,101,33,2,70.80920934677124
7.576041221618652,102,34,0,71.6057779788971
6.340163230895996,103,34,1,72.20643162727356
6.997058868408203,104,34,2,72.83226537704468
6.2444891929626465,105,35,0,73.6371111869812
6.368366718292236,106,35,1,74.23825192451477
6.0066633224487305,107,35,2,74.81918549537659
6.018068313598633,108,36,0,75.61587572097778
5.4802374839782715,109,36,1,76.22314023971558
6.29372501373291,110,36,2,76.82285165786743
5.553217887878418,111,37,0,77.60371565818787
5.309202194213867,112,37,1,78.1826422214508
5.1875152587890625,113,37,2,78.80569338798523
5.873103618621826,114,38,0,79.621426820755
5.049925804138184,115,38,1,80.21600222587585
5.9124345779418945,116,38,2,80.83172535896301
4.522960662841797,117,39,0,81.61920285224915
4.64218807220459,118,39,1,82.22362732887268
4.467076778411865,119,39,2,82.83418464660645
4.76449728012085,120,40,0,83.66133904457092
5.581454277038574,121,40,1,84.26707077026367
4.436261177062988,122,40,2,84.87768077850342
4.505399703979492,123,41,0,85.65865898132324
4.2739996910095215,124,41,1,86.26496291160583
4.120710372924805,125,41,2,86.87796139717102
4.266531944274902,126,42,0,87.6357011795044
4.629092693328857,127,42,1,88.22217869758606
4.173295974731445,128,42,2,88.8232033252716
4.851554870605469,129,43,0,89.60006928443909
3.984105348587036,130,43,1,90.19426107406616
3.54611873626709,131,43,2,90.77638983726501
3.772879123687744,132,44,0,91.57026147842407
3.492825984954834,133,44,1,92.15646839141846
3.7582008838653564,134,44,2,92.73334193229675
4.013725757598877,135,45,0,93.50478100776672
3.331536054611206,136,45,1,94.1050934791565
3.7789149284362793,137,45,2,94.70614886283875
3.517214298248291,138,46,0,95.5030620098114
4.297389984130859,139,46,1,96.09177803993225
3.272162437438965,140,46,2,96.70001411437988
3.6646134853363037,141,47,0,97.51002645492554
2.8701114654541016,142,47,1,98.12182450294495
3.394165277481079,143,47,2,98.72927331924438
2.8072116374969482,144,48,0,99.52858829498291
3.306408643722534,145,48,1,100.12581539154053
3.493539571762085,146,48,2,100.72629737854004
2.7904837131500244,147,49,0,101.5271987915039
3.2385380268096924,148,49,1,102.13129901885986
3.653395414352417,149,49,2,102.7186005115509
2.848320960998535,150,50,0,103.51668310165405
2.905707836151123,151,50,1,104.12438321113586
3.0707240104675293,152,50,2,104.74347758293152
3.0320639610290527,153,51,0,105.5454363822937
2.5339572429656982,154,51,1,106.15401363372803
2.981872320175171,155,51,2,106.75415754318237
3.001969337463379,156,52,0,107.55043458938599
2.3841054439544678,157,52,1,108.14009308815002
3.032399892807007,158,52,2,108.72315001487732
2.4825215339660645,159,53,0,109.52921724319458
2.991669178009033,160,53,1,110.14102387428284
2.495638847351074,161,53,2,110.75748634338379
3.0442967414855957,162,54,0,111.59337782859802
2.2174510955810547,163,54,1,112.23891949653625
2.255570650100708,164,54,2,112.88108396530151
2.488562822341919,165,55,0,113.70007419586182
2.5532596111297607,166,55,1,114.36131715774536
2.453543186187744,167,55,2,114.98117256164551
2.7694592475891113,168,56,0,115.82719087600708
2.268571376800537,169,56,1,116.45827770233154
2.1942951679229736,170,56,2,117.0833113193512
2.276552677154541,171,57,0,117.92963123321533
2.267660617828369,172,57,1,118.58038878440857
2.3265016078948975,173,57,2,119.2311065196991
2.33516263961792,174,58,0,120.10139799118042
2.0565664768218994,175,58,1,120.7216010093689
1.563073754310608,176,58,2,121.3656439781189
2.4070522785186768,177,59,0,122.22641921043396
2.0221920013427734,178,59,1,122.87974619865417
2.368955612182617,179,59,2,123.50690984725952
2.089134454727173,180,60,0,124.37041687965393
1.4407479763031006,181,60,1,125.03157830238342
1.414354681968689,182,60,2,125.67582583427429
2.3618357181549072,183,61,0,126.50682234764099
1.6510283946990967,184,61,1,127.17190861701965
1.7194957733154297,185,61,2,127.83743023872375
2.1932895183563232,186,62,0,128.69135570526123
1.3939344882965088,187,62,1,129.3287103176117
1.3157546520233154,188,62,2,129.96442079544067
1.4178094863891602,189,63,0,130.7982051372528
1.2354588508605957,190,63,1,131.46197938919067
1.291100025177002,191,63,2,132.09220576286316
1.2800111770629883,192,64,0,132.9286608695984
1.2437938451766968,193,64,1,133.58531498908997
1.2587518692016602,194,64,2,134.22197937965393
1.2174396514892578,195,65,0,135.06631565093994
0.9730755090713501,196,65,1,135.72181367874146
0.8380867838859558,197,65,2,136.37160801887512
1.586328387260437,198,66,0,137.1970546245575
0.7411080598831177,199,66,1,137.85131931304932
0.6019245982170105,200,66,2,138.47648668289185
0.6137241125106812,201,67,0,139.3412208557129
1.1362085342407227,202,67,1,139.96617794036865
0.5590884685516357,203,67,2,140.6027479171753
0.6861379742622375,204,68,0,141.44753289222717
0.5898680686950684,205,68,1,142.08508443832397
0.7619730830192566,206,68,2,142.7269570827484
0.5202239751815796,207,69,0,143.56620359420776
0.3803081214427948,208,69,1,144.1985239982605
0.4681575894355774,209,69,2,144.8114674091339
0.5749180912971497,210,70,0,145.66637682914734
0.2983640134334564,211,70,1,146.31947302818298
0.20419296622276306,212,70,2,146.97290420532227
0.3579089641571045,213,71,0,147.84188294410706
0.2564985156059265,214,71,1,148.47270035743713
0.3806726038455963,215,71,2,149.0885841846466
0.23477360606193542,216,72,0,149.90806245803833
0.16560786962509155,217,72,1,150.57461667060852
0.16923566162586212,218,72,2,151.19206714630127
0.150397390127182,219,73,0,152.01858282089233
0.12019654363393784,220,73,1,152.64943766593933
0.10838571935892105,221,73,2,153.27025890350342
0.0991687923669815,222,74,0,154.14036631584167
0.08693733811378479,223,74,1,154.81135153770447
0.0822305753827095,224,74,2,155.44855451583862
0.07120516151189804,225,75,0,156.29152035713196
0.06959687918424606,226,75,1,156.93352031707764
0.05280867964029312,227,75,2,157.5762791633606
0.05752205848693848,228,76,0,158.42891311645508
0.05225686728954315,229,76,1,159.07507753372192
0.05370691791176796,230,76,2,159.72931957244873
0.0368565171957016,231,77,0,160.54577922821045
0.04785148426890373,232,77,1,161.2113471031189
0.044925883412361145,233,77,2,161.8656768798828
0.04298803582787514,234,78,0,162.7264482975006
0.03459768369793892,235,78,1,163.3784739971161
0.03970377892255783,236,78,2,164.0155794620514
0.0376158282160759,237,79,0,164.85525178909302
0.04074336960911751,238,79,1,165.5042176246643
0.03155941516160965,239,79,2,166.15092134475708
0.028342025354504585,240,80,0,167.00757765769958
0.025696471333503723,241,80,1,167.61690068244934
0.03688576817512512,242,80,2,168.28077340126038
0.026918798685073853,243,81,0,169.13596391677856
0.02876528725028038,244,81,1,169.7992341518402
0.026754647493362427,245,81,2,170.45238280296326
0.028560243546962738,246,82,0,171.30744004249573
0.025465697050094604,247,82,1,171.9483847618103
0.021431181579828262,248,82,2,172.60248041152954
0.025371382012963295,249,83,0,173.43238067626953
0.020354509353637695,250,83,1,174.112854719162
0.02712150104343891,251,83,2,174.76027703285217
0.023534543812274933,252,84,0,175.60467767715454
0.02532888576388359,253,84,1,176.23919010162354
0.02403881400823593,254,84,2,176.9057514667511
0.021760426461696625,255,85,0,177.77711701393127
0.02391556277871132,256,85,1,178.3989019393921
0.01934817060828209,257,85,2,179.05244779586792
0.020625464618206024,258,86,0,179.99630880355835
0.02052861452102661,259,86,1,180.64283800125122
0.02143029309809208,260,86,2,181.29954075813293
0.017088228836655617,261,87,0,182.15380835533142
0.019175823777914047,262,87,1,182.82475566864014
0.020719964057207108,263,87,2,183.46289801597595
0.017641428858041763,264,88,0,184.35443687438965
0.019546521827578545,265,88,1,185.00174260139465
0.02021108940243721,266,88,2,185.66953349113464
0.017623741179704666,267,89,0,186.51652550697327
0.01593673974275589,268,89,1,187.1626615524292
0.018889248371124268,269,89,2,187.84204936027527
0.018788304179906845,270,90,0,188.697669506073
0.015467571094632149,271,90,1,189.33216857910156
0.016809873282909393,272,90,2,189.97003984451294
0.016583619639277458,273,91,0,190.80918216705322
0.018593087792396545,274,91,1,191.45033144950867
0.015310226939618587,275,91,2,192.10057997703552
0.016017064452171326,276,92,0,192.94402933120728
0.01615726947784424,277,92,1,193.5683205127716
0.015336104668676853,278,92,2,194.1908905506134
0.015136604197323322,279,93,0,195.01665019989014
0.01488819532096386,280,93,1,195.66894102096558
0.01614985801279545,281,93,2,196.3012568950653
0.014360901899635792,282,94,0,197.1437544822693
0.014412572607398033,283,94,1,197.79723238945007
0.01443694531917572,284,94,2,198.45337557792664
0.01487741619348526,285,95,0,199.40713024139404
0.014894356951117516,286,95,1,200.07937169075012
0.013473124243319035,287,95,2,200.72167682647705
0.015174515545368195,288,96,0,201.57992124557495
0.013301169499754906,289,96,1,202.21026134490967
0.016487888991832733,290,96,2,202.85224318504333
0.013237887993454933,291,97,0,203.71719813346863
0.013970611616969109,292,97,1,204.36207056045532
0.013189895078539848,293,97,2,204.99094367027283
0.013629160821437836,294,98,0,205.81554293632507
0.012786902487277985,295,98,1,206.46938633918762
0.014882425777614117,296,98,2,207.09570980072021
0.014598589390516281,297,99,0,207.9749391078949
0.01247113011777401,298,99,1,208.6289825439453
0.013156980276107788,299,99,2,209.23819303512573
0.012162161991000175,300,100,0,210.08162117004395
0.014532516710460186,301,100,1,210.70982885360718
0.013271823525428772,302,100,2,211.35471272468567
0.011753031983971596,303,101,0,212.19767260551453
0.012066295370459557,304,101,1,212.8299446105957
0.014090796932578087,305,101,2,213.47309231758118
0.012520372867584229,306,102,0,214.31309580802917
0.01017350610345602,307,102,1,214.969957113266
0.013867940753698349,308,102,2,215.6105134487152
0.011991282925009727,309,103,0,216.4637942314148
0.011749772354960442,310,103,1,217.11816143989563
0.012298529967665672,311,103,2,217.74907541275024
0.013044608756899834,312,104,0,218.60016751289368
0.01155540905892849,313,104,1,219.24567031860352
0.010910280980169773,314,104,2,219.88479042053223
0.012794775888323784,315,105,0,220.76635193824768
0.011137144640088081,316,105,1,221.41156101226807
0.010395519435405731,317,105,2,222.06854248046875
0.011465556919574738,318,106,0,222.93445229530334
0.01052604429423809,319,106,1,223.58155369758606
0.011932112276554108,320,106,2,224.23496174812317
0.012226661667227745,321,107,0,225.0657172203064
0.009726980701088905,322,107,1,225.7011456489563
0.012887636199593544,323,107,2,226.33787322044373
0.012362128123641014,324,108,0,227.17107725143433
0.010771523229777813,325,108,1,227.80692601203918
0.01230003871023655,326,108,2,228.4504599571228
0.01009287778288126,327,109,0,229.2875039577484
0.010214036330580711,328,109,1,229.96151065826416
0.011453982442617416,329,109,2,230.6075406074524
0.009811683557927608,330,110,0,231.42820930480957
0.010497858747839928,331,110,1,232.09207463264465
0.011222278699278831,332,110,2,232.7327573299408
0.010316143743693829,333,111,0,233.58534383773804
0.010545589029788971,334,111,1,234.2134771347046
0.009054016321897507,335,111,2,234.86823558807373
0.01202254556119442,336,112,0,235.7167158126831
0.010178254917263985,337,112,1,236.34742951393127
0.009389162994921207,338,112,2,237.01548218727112
0.008951829746365547,339,113,0,237.85402965545654
0.011470843106508255,340,113,1,238.49961161613464
0.009707756340503693,341,113,2,239.17610692977905
0.00901883002370596,342,114,0,240.03253626823425
0.008765514940023422,343,114,1,240.69178652763367
0.010102644562721252,344,114,2,241.32429695129395
0.00972819235175848,345,115,0,242.16230940818787
0.009705618023872375,346,115,1,242.78251361846924
0.00952330231666565,347,115,2,243.44299221038818
0.009109662845730782,348,116,0,244.29627299308777
0.010166089981794357,349,116,1,244.93310141563416
0.009608169086277485,350,116,2,245.57600736618042
0.008638853207230568,351,117,0,246.4309983253479
0.009817223995923996,352,117,1,247.06214547157288
0.009806530550122261,353,117,2,247.71496725082397
0.008720440790057182,354,118,0,248.56023335456848
0.009977906942367554,355,118,1,249.19735407829285
0.008734564296901226,356,118,2,249.85499358177185
0.009012855589389801,357,119,0,250.7305407524109
0.009544887579977512,358,119,1,251.36638021469116
0.008916324935853481,359,119,2,252.0258710384369
0.00920523889362812,360,120,0,252.89272832870483
0.008380383253097534,361,120,1,253.54758048057556
0.008495679125189781,362,120,2,254.19695401191711
0.009431734681129456,363,121,0,255.04433822631836
0.007880098186433315,364,121,1,255.67454743385315
0.008219355717301369,365,121,2,256.3025641441345
0.009572422131896019,366,122,0,257.1648063659668
0.009761519730091095,367,122,1,257.7931468486786
0.007232712581753731,368,122,2,258.43514108657837
0.010073143988847733,369,123,0,259.30089807510376
0.008392857387661934,370,123,1,259.9196605682373
0.007593074813485146,371,123,2,260.5554139614105
0.009988423436880112,372,124,0,261.4391875267029
0.008639003150165081,373,124,1,262.0995292663574
0.007875915616750717,374,124,2,262.7327971458435
0.00707318726927042,375,125,0,263.57110118865967
0.0081254867836833,376,125,1,264.22095918655396
0.010488681495189667,377,125,2,264.85698986053467
0.007537726312875748,378,126,0,265.6762158870697
0.008693933486938477,379,126,1,266.3118679523468
0.009703685529530048,380,126,2,266.9615511894226
0.008913126774132252,381,127,0,267.8151695728302
0.007817208766937256,382,127,1,268.44909167289734
0.008576758205890656,383,127,2,269.0829830169678
0.00739956833422184,384,128,0,269.94290471076965
0.0075699156150221825,385,128,1,270.57958722114563
0.009423429146409035,386,128,2,271.21414971351624
0.007529798895120621,387,129,0,272.05274510383606
0.007855383679270744,388,129,1,272.70212745666504
0.008229504339396954,389,129,2,273.328782081604
0.006790856830775738,390,130,0,274.182590007782
0.00823664665222168,391,130,1,274.8230564594269
0.008590752258896828,392,130,2,275.4726266860962
0.007434817962348461,393,131,0,276.3383491039276
0.00771199120208621,394,131,1,276.9985501766205
0.007494935765862465,395,131,2,277.64131236076355
0.00854391697794199,396,132,0,278.47153759002686
0.007078736089169979,397,132,1,279.142382144928
0.0077901058830320835,398,132,2,279.785133600235
0.007291961926966906,399,133,0,280.6183204650879
0.008424565196037292,400,133,1,281.2531204223633
0.007464257068932056,401,133,2,281.87543177604675
0.007369494531303644,402,134,0,282.74766635894775
0.008444786071777344,403,134,1,283.35928893089294
0.007161523215472698,404,134,2,284.0106120109558
0.006860958877950907,405,135,0,284.8640077114105
0.008871709927916527,406,135,1,285.49381923675537
0.006728559732437134,407,135,2,286.1450848579407
0.007521697320044041,408,136,0,286.9926974773407
0.007024277001619339,409,136,1,287.6275041103363
0.006864041090011597,410,136,2,288.26294112205505
0.00823536328971386,411,137,0,289.1311950683594
0.0062925685197114944,412,137,1,289.766562461853
0.007626495324075222,413,137,2,290.41807079315186
0.006232073064893484,414,138,0,291.27250123023987
0.007022532634437084,415,138,1,291.9198205471039
0.007542438805103302,416,138,2,292.54479694366455
0.008356207981705666,417,139,0,293.4229383468628
0.006705879233777523,418,139,1,294.078736782074
0.006456626579165459,419,139,2,294.71231842041016
0.006930802017450333,420,140,0,295.58032417297363
0.006439450196921825,421,140,1,296.23128366470337
0.006978877354413271,422,140,2,296.8799624443054
0.007209347561001778,423,141,0,297.7142548561096
0.006824035197496414,424,141,1,298.3394196033478
0.006677852477878332,425,141,2,298.9781012535095
0.006620513275265694,426,142,0,299.84582114219666
0.006754628848284483,427,142,1,300.4594488143921
0.007637211121618748,428,142,2,301.0995674133301
0.006003767251968384,429,143,0,301.93383741378784
0.006700148805975914,430,143,1,302.59312915802
0.0067521799355745316,431,143,2,303.21149468421936
0.006986773572862148,432,144,0,304.08761262893677
0.006188578903675079,433,144,1,304.7258605957031
0.006924919784069061,434,144,2,305.355934381485
0.00660651084035635,435,145,0,306.21119451522827
0.006550396792590618,436,145,1,306.85350227355957
0.00660270731896162,437,145,2,307.49673342704773
0.006621583364903927,438,146,0,308.349956035614
0.0059356121346354485,439,146,1,308.9873676300049
0.006347681861370802,440,146,2,309.6570611000061
0.007274881936609745,441,147,0,310.47629022598267
0.006916118785738945,442,147,1,311.1250445842743
0.0061840154230594635,443,147,2,311.75622367858887
0.005727585405111313,444,148,0,312.59202218055725
0.006386208347976208,445,148,1,313.206907749176
0.007077828049659729,446,148,2,313.84894275665283
0.005944156087934971,447,149,0,314.69175958633423
0.0064565702341496944,448,149,1,315.3057494163513
0.006116175092756748,449,149,2,315.9463448524475
0.005897666327655315,450,150,0,316.77899527549744
0.006882925983518362,451,150,1,317.42180371284485
0.006055167876183987,452,150,2,318.08345246315
0.005828908644616604,453,151,0,318.933185338974
0.006105359178036451,454,151,1,319.56550431251526
0.006671362556517124,455,151,2,320.1857359409332
0.00613865302875638,456,152,0,321.03821325302124
0.006553933024406433,457,152,1,321.6838140487671
0.005458802916109562,458,152,2,322.31952810287476
0.006518187932670116,459,153,0,323.1877017021179
0.005885195452719927,460,153,1,323.8099000453949
0.005692245904356241,461,153,2,324.44285821914673
0.005538417957723141,462,154,0,325.27610874176025
0.006529074162244797,463,154,1,325.9168481826782
0.006105171516537666,464,154,2,326.5643661022186
0.006036581937223673,465,155,0,327.43057441711426
0.005065447185188532,466,155,1,328.0530569553375
0.006216296460479498,467,155,2,328.69816040992737
0.0065437499433755875,468,156,0,329.5546684265137
0.005084828473627567,469,156,1,330.22439885139465
0.006522169802337885,470,156,2,330.8860561847687
0.006590144708752632,471,157,0,331.7138240337372
0.005683486349880695,472,157,1,332.37051486968994
0.005879181902855635,473,157,2,333.0298719406128
0.005990511272102594,474,158,0,333.8984010219574
0.005465822294354439,475,158,1,334.5597803592682
0.005524206906557083,476,158,2,335.2379238605499
0.006372435018420219,477,159,0,336.0866529941559
0.005521905608475208,478,159,1,336.7334990501404
0.00635648425668478,479,159,2,337.39379692077637
0.004677474498748779,480,160,0,338.2511718273163
0.006573649123311043,481,160,1,338.903945684433
0.005747894290834665,482,160,2,339.51985597610474
0.005889767315238714,483,161,0,340.33434414863586
0.005395124666392803,484,161,1,340.96805214881897
0.00621224008500576,485,161,2,341.6324691772461
0.0052466364577412605,486,162,0,342.4517869949341
0.005034304689615965,487,162,1,343.10411953926086
0.005841630510985851,488,162,2,343.76541662216187
0.005768992938101292,489,163,0,344.6238753795624
0.005459506530314684,490,163,1,345.26322746276855
0.005617549177259207,491,163,2,345.889199256897
0.0054531460627913475,492,164,0,346.71652269363403
0.0053543467074632645,493,164,1,347.37816643714905
0.005911312066018581,494,164,2,348.0337460041046
0.005475049838423729,495,165,0,348.90099334716797
0.0050766365602612495,496,165,1,349.54258251190186
0.005358624737709761,497,165,2,350.1725070476532
0.0051774680614471436,498,166,0,351.0431592464447
0.0061235204339027405,499,166,1,351.6860067844391
0.004698451142758131,500,166,2,352.3242163658142
0.005192467011511326,501,167,0,353.13685631752014
0.004997310694307089,502,167,1,353.79078483581543
0.0065782866440713406,503,167,2,354.4139926433563
0.0057498081587255,504,168,0,355.2326936721802
0.004413185641169548,505,168,1,355.8733994960785
0.0053266193717718124,506,168,2,356.523558139801
0.005646570585668087,507,169,0,357.3919081687927
0.0057145473547279835,508,169,1,358.0197842121124
0.005505864508450031,509,169,2,358.6761271953583
0.005076350644230843,510,170,0,359.5112807750702
0.005172714591026306,511,170,1,360.1438322067261
0.0054982369765639305,512,170,2,360.7840552330017
0.005406796000897884,513,171,0,361.62030124664307
0.004971302580088377,514,171,1,362.2717339992523
0.004994988441467285,515,171,2,362.9242317676544
0.004929469432681799,516,172,0,363.74774265289307
0.0057104043662548065,517,172,1,364.3679242134094
0.0048233987763524055,518,172,2,364.98995327949524
0.005156990606337786,519,173,0,365.8271689414978
0.004959538578987122,520,173,1,366.4781847000122
0.006127337925136089,521,173,2,367.1187653541565
0.005385455209761858,522,174,0,367.9771661758423
0.005107283592224121,523,174,1,368.62807726860046
0.004606745205819607,524,174,2,369.26686429977417
0.004829904064536095,525,175,0,370.0945956707001
0.00551976915448904,526,175,1,370.7409200668335
0.005161133594810963,527,175,2,371.4025504589081
0.005045725964009762,528,176,0,372.2615087032318
0.005291481036692858,529,176,1,372.88040256500244
0.004579965490847826,530,176,2,373.53538846969604
0.005175734870135784,531,177,0,374.3776137828827
0.0053542666137218475,532,177,1,374.9982600212097
0.005264868028461933,533,177,2,375.64777731895447
0.0045471470803022385,534,178,0,376.510306596756
0.0048158676363527775,535,178,1,377.15025568008423
0.0042114099487662315,536,178,2,377.7993097305298
0.005282797385007143,537,179,0,378.62041211128235
0.0053685326129198074,538,179,1,379.25441098213196
0.005269224755465984,539,179,2,379.88080644607544
0.0046076844446361065,540,180,0,380.72158575057983
0.0045534586533904076,541,180,1,381.36096477508545
0.005003677681088448,542,180,2,382.0141005516052
0.004470682702958584,543,181,0,382.84915232658386
0.005478724371641874,544,181,1,383.48756647109985
0.004495586268603802,545,181,2,384.12336707115173
0.00482978718355298,546,182,0,384.97790479660034
0.005164470989257097,547,182,1,385.59407472610474
0.004470203071832657,548,182,2,386.2375020980835
0.005172196310013533,549,183,0,387.0696048736572
0.004859938286244869,550,183,1,387.71725058555603
0.003963755443692207,551,183,2,388.3596305847168
0.005511137191206217,552,184,0,389.20023250579834
0.004325933288782835,553,184,1,389.81904220581055
0.00468769297003746,554,184,2,390.43830370903015
0.004874184727668762,555,185,0,391.32305216789246
0.004548028111457825,556,185,1,391.9717149734497
0.004677789285778999,557,185,2,392.62564635276794
0.005380129441618919,558,186,0,393.4777798652649
0.004263353534042835,559,186,1,394.09921646118164
0.005351345986127853,560,186,2,394.7554202079773
0.00437929155305028,561,187,0,395.6144645214081
0.004650909453630447,562,187,1,396.2563440799713
0.004453565925359726,563,187,2,396.90217423439026
0.0043110596016049385,564,188,0,397.7375237941742
0.004304450936615467,565,188,1,398.385381937027
0.005050492938607931,566,188,2,399.0258438587189
0.004845158196985722,567,189,0,399.8412129878998
0.004232298117130995,568,189,1,400.4911048412323
0.00496653513982892,569,189,2,401.1278409957886
0.004021245054900646,570,190,0,402.00485610961914
0.004691661335527897,571,190,1,402.6476848125458
0.004886009264737368,572,190,2,403.30048990249634
0.004142360761761665,573,191,0,404.1678740978241
0.004216093569993973,574,191,1,404.8109703063965
0.005173357203602791,575,191,2,405.4409670829773
0.0042340755462646484,576,192,0,406.27711749076843
0.004326877184212208,577,192,1,406.9345097541809
0.004437435884028673,578,192,2,407.58025789260864
0.004674669820815325,579,193,0,408.41899394989014
0.004355199635028839,580,193,1,409.07478046417236
0.004194958601146936,581,193,2,409.70937299728394
0.004670119844377041,582,194,0,410.5464611053467
0.004286712966859341,583,194,1,411.186509847641
0.004569711163640022,584,194,2,411.84084606170654
0.004588732495903969,585,195,0,412.6798565387726
0.004553507547825575,586,195,1,413.3226652145386
0.004496467765420675,587,195,2,413.97164511680603
0.004021073691546917,588,196,0,414.8115379810333
0.0047858599573373795,589,196,1,415.4341776371002
0.004163230769336224,590,196,2,416.0616285800934
0.004016088787466288,591,197,0,416.9280524253845
0.004751279484480619,592,197,1,417.5879759788513
0.003956814296543598,593,197,2,418.2266409397125
0.004863852635025978,594,198,0,419.11824226379395
0.004564233589917421,595,198,1,419.76211071014404
0.004390479996800423,596,198,2,420.4069538116455
0.0045441314578056335,597,199,0,421.2380497455597
0.0034930158872157335,598,199,1,421.88279247283936
0.004512493964284658,599,199,2,422.5166189670563
0.004218077287077904,600,200,0,423.3858268260956
0.0044763460755348206,601,200,1,424.0175814628601
0.0043211039155721664,602,200,2,424.6431498527527
0.0041573187336325645,603,201,0,425.503534078598
0.004017371218651533,604,201,1,426.1739413738251
0.004605102818459272,605,201,2,426.8183243274689
0.00442000525072217,606,202,0,427.66770792007446
0.004819098394364119,607,202,1,428.330926656723
0.0036468589678406715,608,202,2,428.9980001449585
0.004231064580380917,609,203,0,429.8480942249298
0.004211387597024441,610,203,1,430.4896295070648
0.004032546188682318,611,203,2,431.1400330066681
0.003960279747843742,612,204,0,431.973379611969
0.004346032161265612,613,204,1,432.6071310043335
0.004076250828802586,614,204,2,433.24588918685913
0.004181413911283016,615,205,0,434.07791805267334
0.003993422258645296,616,205,1,434.7363660335541
0.004603992216289043,617,205,2,435.3856165409088
0.0037148918490856886,618,206,0,436.27393412590027
0.0037817207630723715,619,206,1,436.9366545677185
0.003803203348070383,620,206,2,437.57470774650574
0.004452910274267197,621,207,0,438.4062123298645
0.004415426403284073,622,207,1,439.0717668533325
0.003879535710439086,623,207,2,439.7276544570923
0.003895408706739545,624,208,0,440.5704097747803
0.0047448379918932915,625,208,1,441.2174746990204
0.0037057644221931696,626,208,2,441.86620140075684
0.00370798259973526,627,209,0,442.70336413383484
0.004245555028319359,628,209,1,443.36110496520996
0.003936843015253544,629,209,2,443.9937539100647
0.003941644448786974,630,210,0,444.84537863731384
0.004517080262303352,631,210,1,445.45715737342834
0.003995821811258793,632,210,2,446.10296630859375
0.004071007017046213,633,211,0,446.9438955783844
0.004458528943359852,634,211,1,447.5847373008728
0.0038218777626752853,635,211,2,448.22247886657715
0.0035019784700125456,636,212,0,449.0552625656128
0.003938210662454367,637,212,1,449.7207751274109
0.0036093939561396837,638,212,2,450.3925452232361
0.004533898085355759,639,213,0,451.24846053123474
0.0044957902282476425,640,213,1,451.9222180843353
0.003937096800655127,641,213,2,452.55761432647705
0.0038232433144003153,642,214,0,453.4103786945343
0.0038901022635400295,643,214,1,454.05027770996094
0.004413519520312548,644,214,2,454.67731165885925
0.00428478978574276,645,215,0,455.52086758613586
0.0033846870064735413,646,215,1,456.12889337539673
0.004274861887097359,647,215,2,456.76353549957275
0.0041311075910925865,648,216,0,457.6106779575348
0.003622782649472356,649,216,1,458.2456405162811
0.0035888454876840115,650,216,2,458.88726592063904
0.003683523740619421,651,217,0,459.7393536567688
0.0038916768971830606,652,217,1,460.3985085487366
0.003956878557801247,653,217,2,461.0308005809784
0.0037702766712754965,654,218,0,461.87288761138916
0.003992191981524229,655,218,1,462.50086402893066
0.003473617136478424,656,218,2,463.137179851532
0.003913114778697491,657,219,0,463.97559094429016
0.0040184552781283855,658,219,1,464.62552881240845
0.0036132032983005047,659,219,2,465.2380793094635
0.003861593548208475,660,220,0,466.06645011901855
0.003970135003328323,661,220,1,466.71634006500244
0.003711777739226818,662,220,2,467.3716118335724
0.0034395281691104174,663,221,0,468.22235918045044
0.004135025665163994,664,221,1,468.86341738700867
0.0037738336250185966,665,221,2,469.4898011684418
0.00360336946323514,666,222,0,470.33537006378174
0.0038220775313675404,667,222,1,470.9802918434143
0.0038830963894724846,668,222,2,471.58748626708984
0.004029729403555393,669,223,0,472.41670656204224
0.0034067570231854916,670,223,1,473.0292453765869
0.003849206492304802,671,223,2,473.6585023403168
0.0034826654009521008,672,224,0,474.5056486129761
0.003468593582510948,673,224,1,475.122873544693
0.0036741700023412704,674,224,2,475.78962779045105
0.004764738492667675,675,225,0,476.65247440338135
0.003736888524144888,676,225,1,477.2871165275574
0.003902056021615863,677,225,2,477.9298038482666
0.0033091921359300613,678,226,0,478.7802975177765
0.0037828402128070593,679,226,1,479.41678857803345
0.0038046916015446186,680,226,2,480.05919122695923
0.0032022707164287567,681,227,0,480.90245151519775
0.004062999039888382,682,227,1,481.55703353881836
0.003717585001140833,683,227,2,482.21096563339233
0.003725034184753895,684,228,0,483.04727244377136
0.0033438762184232473,685,228,1,483.66346549987793
0.003604658879339695,686,228,2,484.2772059440613
0.0037705148570239544,687,229,0,485.0975980758667
0.0034168530255556107,688,229,1,485.7576813697815
0.0035525551065802574,689,229,2,486.4021649360657
0.0037527577951550484,690,230,0,487.2490258216858
0.0036461602430790663,691,230,1,487.9004032611847
0.0035655840765684843,692,230,2,488.54978108406067
0.0039603570476174355,693,231,0,489.37598991394043
0.003793040756136179,694,231,1,490.03036618232727
0.003208682406693697,695,231,2,490.6729669570923
0.0032426798716187477,696,232,0,491.53573393821716
0.003329468658193946,697,232,1,492.1709876060486
0.003771871095523238,698,232,2,492.8130314350128
0.0037055648863315582,699,233,0,493.68052864074707
0.00308988057076931,700,233,1,494.31077909469604
0.003925858065485954,701,233,2,494.95875692367554
0.004150585271418095,702,234,0,495.83914828300476
0.0029297550208866596,703,234,1,496.49715542793274
0.003829352091997862,704,234,2,497.1253356933594
0.0031990825664252043,705,235,0,498.00753569602966
0.004072509240359068,706,235,1,498.66577792167664
0.003684181487187743,707,235,2,499.32373237609863
0.003246443811804056,708,236,0,500.1645143032074
0.0031685279682278633,709,236,1,500.8040633201599
0.0036862469278275967,710,236,2,501.445472240448
0.0032835109159350395,711,237,0,502.3719017505646
0.003322118427604437,712,237,1,503.0419600009918
0.003978708293288946,713,237,2,503.69370436668396
0.003293711692094803,714,238,0,504.573650598526
0.003797666635364294,715,238,1,505.20896792411804
0.003497527912259102,716,238,2,505.8497896194458
0.003158089704811573,717,239,0,506.7031891345978
0.0036321235820651054,718,239,1,507.3257772922516
0.003207934321835637,719,239,2,507.95392632484436
0.003433657344430685,720,240,0,508.783189535141
0.003289332613348961,721,240,1,509.42021107673645
0.003248481545597315,722,240,2,510.0699598789215
0.003825634252279997,723,241,0,510.9572308063507
0.0032398260664194822,724,241,1,511.57686400413513
0.003765991423279047,725,241,2,512.2241139411926
0.0037963013164699078,726,242,0,513.0783290863037
0.0032623098231852055,727,242,1,513.699914932251
0.003415442304685712,728,242,2,514.3462002277374
0.0033994889818131924,729,243,0,515.189519405365
0.0036235416773706675,730,243,1,515.8012421131134
0.0033910886850208044,731,243,2,516.4229402542114
0.0025931457057595253,732,244,0,517.2529103755951
0.004107553046196699,733,244,1,517.8888783454895
0.0034742378629744053,734,244,2,518.5152876377106
0.003136032959446311,735,245,0,519.3470590114594
0.003101501613855362,736,245,1,519.9823100566864
0.003587122540920973,737,245,2,520.6351389884949
0.0035733734257519245,738,246,0,521.5122995376587
0.003467847593128681,739,246,1,522.1385724544525
0.003064448945224285,740,246,2,522.7622599601746
0.0034738832619041204,741,247,0,523.6261959075928
0.003244569059461355,742,247,1,524.2482974529266
0.0035230331122875214,743,247,2,524.8967571258545
0.003225269727408886,744,248,0,525.7227127552032
0.0033127637580037117,745,248,1,526.3541221618652
0.003397551365196705,746,248,2,526.9919486045837
0.0033476620446890593,747,249,0,527.8256969451904
0.002907699905335903,748,249,1,528.4652819633484
0.0032487649004906416,749,249,2,529.1007108688354
0.003226339817047119,750,250,0,529.9433579444885
0.003112273057922721,751,250,1,530.5955393314362
0.0036220902111381292,752,250,2,531.251950263977
0.003371461760252714,753,251,0,532.1152284145355
0.0030369486194103956,754,251,1,532.7411665916443
0.003286011517047882,755,251,2,533.4162323474884
0.0038000515196472406,756,252,0,534.3087823390961
0.0029507859144359827,757,252,1,534.930104970932
0.0029642086010426283,758,252,2,535.5685439109802
0.003437966341152787,759,253,0,536.4174425601959
0.003468814305961132,760,253,1,537.063259601593
0.003190696705132723,761,253,2,537.7065591812134
0.0030233662109822035,762,254,0,538.5506203174591
0.0033674263395369053,763,254,1,539.1882674694061
0.002796754240989685,764,254,2,539.8162789344788
0.0034678506199270487,765,255,0,540.6600728034973
0.003555689472705126,766,255,1,541.3050980567932
0.00292550353333354,767,255,2,541.9274258613586
0.003399030538275838,768,256,0,542.7629878520966
0.003014765912666917,769,256,1,543.4273977279663
0.0032186955213546753,770,256,2,544.0765705108643
0.0033690431155264378,771,257,0,544.9265229701996
0.0029075206257402897,772,257,1,545.56072473526
0.0032064877450466156,773,257,2,546.2191801071167
0.002915527205914259,774,258,0,547.0398979187012
0.003095301566645503,775,258,1,547.6807372570038
0.0033147321082651615,776,258,2,548.3452198505402
0.002540518995374441,777,259,0,549.1939878463745
0.0035429608542472124,778,259,1,549.8278756141663
0.0035529620945453644,779,259,2,550.4852740764618
0.0029789793770760298,780,260,0,551.3126041889191
0.0029361615888774395,781,260,1,551.971451997757
0.0027994615957140923,782,260,2,552.5890107154846
0.0036859246902167797,783,261,0,553.4375548362732
0.003268962725996971,784,261,1,554.0456557273865
0.00311643211171031,785,261,2,554.687168598175
0.0029006036929786205,786,262,0,555.5362226963043
0.00307670421898365,787,262,1,556.1974990367889
0.0027933549135923386,788,262,2,556.843239068985
0.0031836871057748795,789,263,0,557.7273700237274
0.0033076652325689793,790,263,1,558.3698699474335
0.0037567380350083113,791,263,2,558.983954668045
0.003059078473597765,792,264,0,559.8192574977875
0.00284247356466949,793,264,1,560.4680318832397
0.002893831580877304,794,264,2,561.0958650112152
0.0031525781378149986,795,265,0,561.9418675899506
0.003372374689206481,796,265,1,562.62073802948
0.003005498554557562,797,265,2,563.2493669986725
0.0032476787455379963,798,266,0,564.0852127075195
0.002923444611951709,799,266,1,564.7064626216888
0.0027285171672701836,800,266,2,565.3563599586487
0.003000134602189064,801,267,0,566.189291715622
0.0033036177046597004,802,267,1,566.8083739280701
0.002850151155143976,803,267,2,567.4476137161255
0.003228503279387951,804,268,0,568.3090782165527
0.00284704752266407,805,268,1,568.9631464481354
0.002957189455628395,806,268,2,569.6048951148987
0.0033283778466284275,807,269,0,570.4614622592926
0.0028156540356576443,808,269,1,571.0968520641327
0.0027892342768609524,809,269,2,571.7336256504059
0.003255279269069433,810,270,0,572.5722699165344
0.003099700901657343,811,270,1,573.2091212272644
0.0029148985631763935,812,270,2,573.8309626579285
0.0028730512131005526,813,271,0,574.6694333553314
0.003144583199173212,814,271,1,575.3130512237549
0.0031055023428052664,815,271,2,575.9621365070343
0.0029054428450763226,816,272,0,576.8185052871704
0.0029927960131317377,817,272,1,577.4651381969452
0.002970945555716753,818,272,2,578.1096262931824
0.002731810323894024,819,273,0,578.9946360588074
0.0027169310487806797,820,273,1,579.6453926563263
0.0032651135697960854,821,273,2,580.3340106010437
0.002884621499106288,822,274,0,581.2033791542053
0.0032273936085402966,823,274,1,581.8429284095764
0.002877204678952694,824,274,2,582.4993436336517
0.0029121371917426586,825,275,0,583.3536860942841
0.0032786689698696136,826,275,1,584.0108802318573
0.0025909969117492437,827,275,2,584.6402924060822
0.003137593623250723,828,276,0,585.5066132545471
0.0027974373660981655,829,276,1,586.1482512950897
0.0028464416973292828,830,276,2,586.7935044765472
0.00319150323048234,831,277,0,587.6298141479492
0.0026857489719986916,832,277,1,588.2857236862183
0.0029142231214791536,833,277,2,588.9350852966309
0.0029540385585278273,834,278,0,589.7886962890625
0.002716114278882742,835,278,1,590.423994064331
0.002916383557021618,836,278,2,591.0633244514465
0.0032487171702086926,837,279,0,591.9170804023743
0.0028447199147194624,838,279,1,592.5545938014984
0.0026352107524871826,839,279,2,593.191957950592
0.0026422946248203516,840,280,0,594.0372533798218
0.0032946644350886345,841,280,1,594.6641004085541
0.0029332912527024746,842,280,2,595.3119430541992
0.002642916515469551,843,281,0,596.1509010791779
0.0028690719045698643,844,281,1,596.7888023853302
0.002677802462130785,845,281,2,597.4184150695801
0.0030340738594532013,846,282,0,598.2536246776581
0.002757427981123328,847,282,1,598.8973138332367
0.003194650635123253,848,282,2,599.5483779907227
0.002713739173486829,849,283,0,600.3853828907013
0.003361024195328355,850,283,1,601.0244510173798
0.00283627025783062,851,283,2,601.6703538894653
0.0027104017790406942,852,284,0,602.5235397815704
0.0025035343132913113,853,284,1,603.1508822441101
0.002993599511682987,854,284,2,603.7900304794312
0.0027024131268262863,855,285,0,604.6568055152893
0.0029906947165727615,856,285,1,605.2931296825409
0.0026264728512614965,857,285,2,605.9375839233398
0.0027252654545009136,858,286,0,606.7818961143494
0.0028861260507255793,859,286,1,607.4273366928101
0.0029133390635252,860,286,2,608.0861859321594
0.00296232383698225,861,287,0,608.9313442707062
0.0026959001552313566,862,287,1,609.5721428394318
0.002896287012845278,863,287,2,610.2143080234528
0.0024715703912079334,864,288,0,611.0677180290222
0.0027734520845115185,865,288,1,611.7048077583313
0.003146034199744463,866,288,2,612.3454608917236
0.002818476874381304,867,289,0,613.171345949173
0.002572608646005392,868,289,1,613.8194358348846
0.002957026707008481,869,289,2,614.4870238304138
0.0025712233036756516,870,290,0,615.3275678157806
0.0028639077208936214,871,290,1,615.9676864147186
0.0028377268463373184,872,290,2,616.6020147800446
0.0030269119888544083,873,291,0,617.457512140274
0.0024917484261095524,874,291,1,618.0808470249176
0.002866513328626752,875,291,2,618.746789932251
0.002559707034379244,876,292,0,619.5910353660583
0.0028509199619293213,877,292,1,620.2130525112152
0.002514773281291127,878,292,2,620.8610277175903
0.0029128347523510456,879,293,0,621.7158637046814
0.0026926137506961823,880,293,1,622.3501741886139
0.002709938446059823,881,293,2,623.0270657539368
0.002623185748234391,882,294,0,623.8753056526184
0.002487181220203638,883,294,1,624.5219717025757
0.0030098888091742992,884,294,2,625.163204908371
0.002497444860637188,885,295,0,625.9868142604828
0.002530967351049185,886,295,1,626.6651611328125
0.0026630600914359093,887,295,2,627.3200986385345
0.003358890302479267,888,296,0,628.1792898178101
0.002771595260128379,889,296,1,628.8264846801758
0.0025948924012482166,890,296,2,629.4653422832489
0.0027150423265993595,891,297,0,630.3104448318481
0.0029973508790135384,892,297,1,630.9413044452667
0.00282958522439003,893,297,2,631.5898246765137
0.002788732759654522,894,298,0,632.4281857013702
0.0022733830846846104,895,298,1,633.0495140552521
0.002401929348707199,896,298,2,633.6848502159119
0.0026147132739424706,897,299,0,634.5428194999695
0.0029363385401666164,898,299,1,635.2088112831116
0.0028932306449860334,899,299,2,635.8379158973694
0.0027124271728098392,900,300,0,636.6769711971283
0.002423488302156329,901,300,1,637.2973492145538
0.0027112788520753384,902,300,2,637.9356520175934
0.002516300417482853,903,301,0,638.7857110500336
0.0026199263520538807,904,301,1,639.4298048019409
0.002825283445417881,905,301,2,640.0797142982483
0.0028032888658344746,906,302,0,640.9343249797821
0.0024523588363081217,907,302,1,641.5706613063812
0.0025694582145661116,908,302,2,642.2170894145966
0.0028277954552322626,909,303,0,643.0775365829468
0.0024246815592050552,910,303,1,643.7155301570892
0.0025290371850132942,911,303,2,644.3417582511902
0.0031862291507422924,912,304,0,645.1794791221619
0.002393042668700218,913,304,1,645.8360984325409
0.0024782174732536077,914,304,2,646.4818158149719
0.002557971514761448,915,305,0,647.3398902416229
0.002844512462615967,916,305,1,647.9827890396118
0.002449385356158018,917,305,2,648.5978801250458
0.0025497949682176113,918,306,0,649.4168906211853
0.002739408751949668,919,306,1,650.0629527568817
0.002320436993613839,920,306,2,650.7065522670746
0.002407538238912821,921,307,0,651.5687825679779
0.00280845002271235,922,307,1,652.2269637584686
0.0029728785157203674,923,307,2,652.8719327449799
0.002395984251052141,924,308,0,653.7107207775116
0.0026502865366637707,925,308,1,654.3465895652771
0.002610720694065094,926,308,2,654.9914815425873
0.0026595969684422016,927,309,0,655.8623526096344
0.0026779458858072758,928,309,1,656.4896607398987
0.0025855894200503826,929,309,2,657.1206812858582
0.0024230778217315674,930,310,0,657.9633183479309
0.0028731173370033503,931,310,1,658.5999846458435
0.0024351777974516153,932,310,2,659.2218170166016
0.002245892770588398,933,311,0,660.0657494068146
0.002556933555752039,934,311,1,660.7216260433197
0.002741672098636627,935,311,2,661.3719606399536
0.002469767350703478,936,312,0,662.2221088409424
0.002568512223660946,937,312,1,662.8725850582123
0.0024705901741981506,938,312,2,663.5157914161682
0.002569421660155058,939,313,0,664.3828411102295
0.0022753244265913963,940,313,1,665.0108375549316
0.0029555882792919874,941,313,2,665.6438546180725
0.002533308696001768,942,314,0,666.4792506694794
0.0023640403524041176,943,314,1,667.110771894455
0.002594560384750366,944,314,2,667.7752957344055
0.002176595153287053,945,315,0,668.6485843658447
0.002815241925418377,946,315,1,669.3198320865631
0.002735734451562166,947,315,2,669.9630374908447
0.002270373748615384,948,316,0,670.8153185844421
0.0029054591432213783,949,316,1,671.4624862670898
0.0023179748095571995,950,316,2,672.0826363563538
0.002525429241359234,951,317,0,672.8995425701141
0.0022920446936041117,952,317,1,673.5386095046997
0.002405860461294651,953,317,2,674.1854064464569
0.0025995709002017975,954,318,0,675.0377924442291
0.0025725208688527346,955,318,1,675.6823110580444
0.0026522837579250336,956,318,2,676.3154330253601
0.002207121578976512,957,319,0,677.1616849899292
0.002915008459240198,958,319,1,677.8111298084259
0.002166981576010585,959,319,2,678.4814727306366
0.0029935669153928757,960,320,0,679.3360297679901
0.00243872357532382,961,320,1,679.9924471378326
0.002498182002454996,962,320,2,680.6423964500427
0.0024581924080848694,963,321,0,681.4653573036194
0.0022963760420680046,964,321,1,682.0944290161133
0.002721992786973715,965,321,2,682.7509925365448
0.0024699666537344456,966,322,0,683.5843319892883
0.002543526701629162,967,322,1,684.2036876678467
0.0023433235473930836,968,322,2,684.8722162246704
0.002568825613707304,969,323,0,685.6907134056091
0.002795998938381672,970,323,1,686.3323113918304
0.0021039729472249746,971,323,2,686.9685635566711
0.0024741291999816895,972,324,0,687.808611869812
0.0026759845204651356,973,324,1,688.4219024181366
0.002520944457501173,974,324,2,689.0468559265137
0.0022947865072637796,975,325,0,689.9053506851196
0.0024607800878584385,976,325,1,690.5493462085724
0.0025612094905227423,977,325,2,691.2056007385254
0.002173192333430052,978,326,0,692.0487899780273
0.0024328187573701143,979,326,1,692.6851725578308
0.002410122426226735,980,326,2,693.3188905715942
0.0024464386515319347,981,327,0,694.1669721603394
0.002322268206626177,982,327,1,694.7810566425323
0.0022668051533401012,983,327,2,695.4290432929993
0.002574970480054617,984,328,0,696.276736497879
0.002774699591100216,985,328,1,696.9198415279388
0.0022431612014770508,986,328,2,697.5620634555817
0.002606554888188839,987,329,0,698.3992619514465
0.002283723559230566,988,329,1,699.0574219226837
0.002144224476069212,989,329,2,699.6764912605286
0.0025269121397286654,990,330,0,700.5073709487915
0.0022178958170115948,991,330,1,701.1633970737457
0.00252328859642148,992,330,2,701.7882647514343
0.0024918385315686464,993,331,0,702.6445450782776
0.002303827553987503,994,331,1,703.2625951766968
0.0025720393750816584,995,331,2,703.9066665172577
0.002577111590653658,996,332,0,704.7659375667572
0.0020323656499385834,997,332,1,705.4054808616638
0.002217906527221203,998,332,2,706.0204429626465
0.0026158862747251987,999,333,0,706.8377096652985
0.0024076392874121666,1000,333,1,707.4938797950745
0.0027700227219611406,1001,333,2,708.1692624092102
0.0022052600979804993,1002,334,0,709.0268681049347
0.002050199080258608,1003,334,1,709.6639626026154
0.0029003755189478397,1004,334,2,710.3151378631592
0.002377346158027649,1005,335,0,711.1474540233612
0.0021068728528916836,1006,335,1,711.790675163269
0.0024155396968126297,1007,335,2,712.4489707946777
0.002310199663043022,1008,336,0,713.3223342895508
0.0025731660425662994,1009,336,1,713.9827275276184
0.0024125115014612675,1010,336,2,714.6180293560028
0.0020777713507413864,1011,337,0,715.4570660591125
0.002454066649079323,1012,337,1,716.1067190170288
0.002095069270581007,1013,337,2,716.7530303001404
0.002616425510495901,1014,338,0,717.5722374916077
0.0022022861521691084,1015,338,1,718.2056860923767
0.0026044179685413837,1016,338,2,718.831324338913
0.002352312905713916,1017,339,0,719.709225654602
0.0021368947345763445,1018,339,1,720.3515601158142
0.0023439330980181694,1019,339,2,721.007835149765
0.0024563726037740707,1020,340,0,721.8384101390839
0.0022892432752996683,1021,340,1,722.4567387104034
0.002394977957010269,1022,340,2,723.0824067592621
0.0023553743958473206,1023,341,0,723.9112508296967
0.0021888765040785074,1024,341,1,724.5478477478027
0.0023141400888562202,1025,341,2,725.1923971176147
0.002848398871719837,1026,342,0,726.0196218490601
0.002203152282163501,1027,342,1,726.6813390254974
0.0021663024090230465,1028,342,2,727.3261060714722
0.0023239117581397295,1029,343,0,728.1588938236237
0.0022898614406585693,1030,343,1,728.8034994602203
0.0024391813203692436,1031,343,2,729.4257893562317
0.002048739930614829,1032,344,0,730.2597663402557
0.0022907727397978306,1033,344,1,730.8972306251526
0.0024419110268354416,1034,344,2,731.5456612110138
0.002177571877837181,1035,345,0,732.4248781204224
0.002133261878043413,1036,345,1,733.0699110031128
0.0023571690544486046,1037,345,2,733.7080407142639
0.002240247093141079,1038,346,0,734.5602607727051
0.0022537929471582174,1039,346,1,735.1946866512299
0.002341991290450096,1040,346,2,735.8508386611938
0.0021573337726294994,1041,347,0,736.7017879486084
0.0024123098701238632,1042,347,1,737.3451011180878
0.002220932859927416,1043,347,2,737.969141960144
0.002408534288406372,1044,348,0,738.8294081687927
0.002233472652733326,1045,348,1,739.4726481437683
0.0024573770351707935,1046,348,2,740.1145634651184
0.0022090543061494827,1047,349,0,740.9841351509094
0.002296724123880267,1048,349,1,741.6339643001556
0.0019973849412053823,1049,349,2,742.2946040630341
0.0021127681247889996,1050,350,0,743.1298403739929
0.0022820127196609974,1051,350,1,743.763466835022
0.002391347661614418,1052,350,2,744.4106049537659
0.0021222420036792755,1053,351,0,745.2551777362823
0.0022655916400253773,1054,351,1,745.866325378418
0.002340699080377817,1055,351,2,746.5145592689514
0.002248072996735573,1056,352,0,747.3795795440674
0.0024353088811039925,1057,352,1,748.0432770252228
0.0021482184529304504,1058,352,2,748.6815786361694
0.0020139645785093307,1059,353,0,749.5386545658112
0.0023362827487289906,1060,353,1,750.1641719341278
0.0022201379761099815,1061,353,2,750.8217349052429
0.002503972500562668,1062,354,0,751.6581649780273
0.002144203521311283,1063,354,1,752.3029327392578
0.0023825604002922773,1064,354,2,752.9308955669403
0.0021351370960474014,1065,355,0,753.7940757274628
0.002098625525832176,1066,355,1,754.4415740966797
0.002554437844082713,1067,355,2,755.0748157501221
0.0021471132058650255,1068,356,0,755.9049234390259
0.0023429517168551683,1069,356,1,756.5491404533386
0.0021558080334216356,1070,356,2,757.1909084320068
0.0022029266692698,1071,357,0,758.0538811683655
0.0025142598897218704,1072,357,1,758.6714465618134
0.002137390896677971,1073,357,2,759.2833180427551
0.001996672712266445,1074,358,0,760.1061437129974
0.0023463964462280273,1075,358,1,760.7726809978485
0.001970438053831458,1076,358,2,761.4145059585571
0.002376355230808258,1077,359,0,762.2648499011993
0.002238801447674632,1078,359,1,762.9001309871674
0.0021972288377583027,1079,359,2,763.556010723114
0.0024792999029159546,1080,360,0,764.4054629802704
0.0019369691144675016,1081,360,1,765.0509705543518
0.0022116699256002903,1082,360,2,765.6897234916687
0.0021637671161442995,1083,361,0,766.5249814987183
0.002204003045335412,1084,361,1,767.1439979076385
0.002205303870141506,1085,361,2,767.7626399993896
0.002047686604782939,1086,362,0,768.6060373783112
0.0023460641968995333,1087,362,1,769.2518033981323
0.0022861016914248466,1088,362,2,769.8746211528778
0.002156323753297329,1089,363,0,770.697450876236
0.001997616607695818,1090,363,1,771.3235514163971
0.002493864856660366,1091,363,2,771.9412581920624
0.002144442405551672,1092,364,0,772.7764201164246
0.002037572907283902,1093,364,1,773.4296424388885
0.002130496548488736,1094,364,2,774.0914056301117
0.002292848192155361,1095,365,0,774.9055621623993
0.0020354834850877523,1096,365,1,775.5484802722931
0.002198600210249424,1097,365,2,776.1727356910706
0.0023784986697137356,1098,366,0,777.0018260478973
0.002130946610122919,1099,366,1,777.6368489265442
0.002097792224958539,1100,366,2,778.266857624054
0.002249557990580797,1101,367,0,779.0897135734558
0.002015921287238598,1102,367,1,779.7095630168915
0.002020905027166009,1103,367,2,780.3186659812927
0.0024390723556280136,1104,368,0,781.135644197464
0.0020883437246084213,1105,368,1,781.76114320755
0.002254362916573882,1106,368,2,782.4126906394958
0.0022703055292367935,1107,369,0,783.2663009166718
0.002050536684691906,1108,369,1,783.9103875160217
0.0024274569004774094,1109,369,2,784.5543482303619
0.0021394214127212763,1110,370,0,785.3894052505493
0.0019759484566748142,1111,370,1,786.0079605579376
0.0019936547614634037,1112,370,2,786.6376614570618
0.0019288368057459593,1113,371,0,787.4663422107697
0.001970873912796378,1114,371,1,788.1526446342468
0.002193292137235403,1115,371,2,788.773669719696
0.0023849746212363243,1116,372,0,789.613450050354
0.002423863857984543,1117,372,1,790.2594649791718
0.0021655173040926456,1118,372,2,790.9009585380554
0.001914141932502389,1119,373,0,791.7285795211792
0.0023782262578606606,1120,373,1,792.3626410961151
0.0017909638117998838,1121,373,2,793.0247144699097
0.002187191043049097,1122,374,0,793.8542304039001
0.0021437432151287794,1123,374,1,794.4733119010925
0.0019624114502221346,1124,374,2,795.0985906124115
0.0021703015081584454,1125,375,0,795.9254791736603
0.002067745663225651,1126,375,1,796.5400276184082
0.002280373824760318,1127,375,2,797.2134296894073
0.0020955796353518963,1128,376,0,798.0544667243958
0.0020742109045386314,1129,376,1,798.6758499145508
0.0021368744783103466,1130,376,2,799.3116376399994
0.001973827602341771,1131,377,0,800.1274073123932
0.0021758251823484898,1132,377,1,800.7453465461731
0.0019758427515625954,1133,377,2,801.3744480609894
0.0020061624236404896,1134,378,0,802.2421262264252
0.0020331761334091425,1135,378,1,802.8656084537506
0.0020747557282447815,1136,378,2,803.5080461502075
0.0021710973232984543,1137,379,0,804.3400068283081
0.0022200606763362885,1138,379,1,804.9808011054993
0.0018443341832607985,1139,379,2,805.6258354187012
0.0022507845424115658,1140,380,0,806.4835951328278
0.002251629950478673,1141,380,1,807.11776471138
0.0021641647908836603,1142,380,2,807.7390489578247
0.0019400331657379866,1143,381,0,808.5868952274323
0.0020778547041118145,1144,381,1,809.2225646972656
0.0018188694957643747,1145,381,2,809.865795135498
0.0020787683315575123,1146,382,0,810.7110896110535
0.0023733447305858135,1147,382,1,811.3488941192627
0.0020857828203588724,1148,382,2,811.9654066562653
0.0019659646786749363,1149,383,0,812.828738451004
0.0019414906855672598,1150,383,1,813.4648208618164
0.0023160669952630997,1151,383,2,814.1301743984222
0.0022230129688978195,1152,384,0,814.9714939594269
0.0021113157272338867,1153,384,1,815.6025233268738
0.0018587325466796756,1154,384,2,816.2481887340546
0.002100138459354639,1155,385,0,817.0732431411743
0.0021026525646448135,1156,385,1,817.7199165821075
0.0019961120560765266,1157,385,2,818.3884270191193
0.0023392653092741966,1158,386,0,819.2573127746582
0.00180161208845675,1159,386,1,819.8914833068848
0.001957346685230732,1160,386,2,820.5491909980774
0.0021163788624107838,1161,387,0,821.3993895053864
0.001963655464351177,1162,387,1,822.0620725154877
0.0021112721879035234,1163,387,2,822.7180762290955
0.002085574436932802,1164,388,0,823.5633232593536
0.0022234832867980003,1165,388,1,824.2156558036804
0.0019161846721544862,1166,388,2,824.8650054931641
0.00195676158182323,1167,389,0,825.6879844665527
0.002072906354442239,1168,389,1,826.3250052928925
0.0018946216441690922,1169,389,2,826.9417865276337
0.002192517276853323,1170,390,0,827.7916531562805
0.001991273369640112,1171,390,1,828.4266362190247
0.0018869380000978708,1172,390,2,829.0957469940186
0.002136166673153639,1173,391,0,829.9425048828125
0.0019160234369337559,1174,391,1,830.5771825313568
0.0022019492462277412,1175,391,2,831.2012372016907
0.0019887988455593586,1176,392,0,832.0496914386749
0.0020841709338128567,1177,392,1,832.6895093917847
0.0018727638525888324,1178,392,2,833.3300831317902
0.0020594848319888115,1179,393,0,834.1795372962952
0.002170131541788578,1180,393,1,834.8346157073975
0.001991347875446081,1181,393,2,835.4808011054993
0.0018016776302829385,1182,394,0,836.3041701316833
0.0019220946123823524,1183,394,1,836.9350428581238
0.00183890201151371,1184,394,2,837.5656363964081
0.002170683816075325,1185,395,0,838.4243655204773
0.002018668921664357,1186,395,1,839.0467705726624
0.0018875011010095477,1187,395,2,839.6848397254944
0.0020729328971356153,1188,396,0,840.5301721096039
0.002127512823790312,1189,396,1,841.1733343601227
0.002021295949816704,1190,396,2,841.8110756874084
0.0017664734041318297,1191,397,0,842.6588039398193
0.0020998241379857063,1192,397,1,843.3241801261902
0.0022022943012416363,1193,397,2,843.9686741828918
0.0018046178156509995,1194,398,0,844.79536485672
0.0020842780359089375,1195,398,1,845.4468777179718
0.0019467866513878107,1196,398,2,846.0678379535675
0.0021151902619749308,1197,399,0,846.9223129749298
0.0017152749933302402,1198,399,1,847.5724267959595
0.002176952315494418,1199,399,2,848.2146325111389
0.00217306986451149,1200,400,0,849.049557685852
0.0018939811270684004,1201,400,1,849.7247402667999
0.002080900128930807,1202,400,2,850.3714752197266
0.001740998588502407,1203,401,0,851.2208247184753
0.0020649919752031565,1204,401,1,851.8653979301453
0.001992982579395175,1205,401,2,852.5031230449677
0.001983704511076212,1206,402,0,853.3464357852936
0.0018278067000210285,1207,402,1,853.9675137996674
0.0017663916805759072,1208,402,2,854.6038198471069
0.0018620374612510204,1209,403,0,855.4643704891205
0.0023713393602520227,1210,403,1,856.0988683700562
0.002014927566051483,1211,403,2,856.714194059372
0.001955891726538539,1212,404,0,857.5614819526672
0.0019080661004409194,1213,404,1,858.1998143196106
0.001771807437762618,1214,404,2,858.8365061283112
0.002160540781915188,1215,405,0,859.6657922267914
0.002257072366774082,1216,405,1,860.3205091953278
0.0016492159338667989,1217,405,2,860.9478538036346
0.0019014016725122929,1218,406,0,861.7844090461731
0.001937206252478063,1219,406,1,862.4339828491211
0.0020309090614318848,1220,406,2,863.0956594944
0.0019047021633014083,1221,407,0,863.9577474594116
0.001960292924195528,1222,407,1,864.6168184280396
0.0019096673931926489,1223,407,2,865.2382547855377
0.001965574687346816,1224,408,0,866.1038641929626
0.00177284877281636,1225,408,1,866.7649235725403
0.0019557166378945112,1226,408,2,867.3923990726471
0.0020520631223917007,1227,409,0,868.2483236789703
0.0019687938038259745,1228,409,1,868.8979375362396
0.0018362771952524781,1229,409,2,869.5232172012329
0.00212156493216753,1230,410,0,870.3561882972717
0.0018371670739725232,1231,410,1,871.0013225078583
0.0018750786548480392,1232,410,2,871.673730134964
0.0016963647212833166,1233,411,0,872.532194852829
0.0021346095018088818,1234,411,1,873.2050440311432
0.0022023706696927547,1235,411,2,873.8559045791626
0.0019973961170762777,1236,412,0,874.6818962097168
0.0019281171262264252,1237,412,1,875.3237161636353
0.0016321379225701094,1238,412,2,875.9914095401764
0.0018796271178871393,1239,413,0,876.8221442699432
0.0020348108373582363,1240,413,1,877.4603650569916
0.0018649967387318611,1241,413,2,878.1031558513641
0.0020248014479875565,1242,414,0,878.938000202179
0.0021175912115722895,1243,414,1,879.606164932251
0.0020521366968750954,1244,414,2,880.2694392204285
0.0016933380393311381,1245,415,0,881.1029858589172
0.0020209350623190403,1246,415,1,881.7756328582764
0.001795829040929675,1247,415,2,882.4210438728333
0.002117060124874115,1248,416,0,883.2476434707642
0.0017482172697782516,1249,416,1,883.8921065330505
0.0017135490197688341,1250,416,2,884.5425357818604
0.0020828852429986,1251,417,0,885.3835890293121
0.0019089557463303208,1252,417,1,886.0143735408783
0.0017948397435247898,1253,417,2,886.6682069301605
0.002148012164980173,1254,418,0,887.5048198699951
0.0017207665368914604,1255,418,1,888.143529176712
0.0016816096613183618,1256,418,2,888.7773547172546
0.0020080548711121082,1257,419,0,889.634880065918
0.0020544654689729214,1258,419,1,890.2589530944824
0.0018179866019636393,1259,419,2,890.926506280899
0.002069033682346344,1260,420,0,891.7513456344604
0.0018599433824419975,1261,420,1,892.37961602211
0.0018279829528182745,1262,420,2,893.0320611000061
0.0018538139993324876,1263,421,0,893.859982252121
0.002078886143863201,1264,421,1,894.4993946552277
0.0020269337110221386,1265,421,2,895.1605389118195
0.0016183641273528337,1266,422,0,896.0158212184906
0.0019518048502504826,1267,422,1,896.6772553920746
0.0016318809939548373,1268,422,2,897.3036518096924
0.0019322797888889909,1269,423,0,898.1763484477997
0.0020886207930743694,1270,423,1,898.8011422157288
0.0017458917573094368,1271,423,2,899.4316954612732
0.001982864923775196,1272,424,0,900.2649004459381
0.0019454206340014935,1273,424,1,900.8905916213989
0.001941909547895193,1274,424,2,901.5184373855591
0.0018331959145143628,1275,425,0,902.3653392791748
0.0018702808301895857,1276,425,1,902.9841318130493
0.0016943445662036538,1277,425,2,903.624073266983
0.002062157029286027,1278,426,0,904.4718236923218
0.0019547129049897194,1279,426,1,905.0952813625336
0.0016989498399198055,1280,426,2,905.7399818897247
0.001824087812565267,1281,427,0,906.6181354522705
0.001757623627781868,1282,427,1,907.2389924526215
0.0018147071823477745,1283,427,2,907.8954379558563
0.0019486655946820974,1284,428,0,908.7273578643799
0.0018698511412367225,1285,428,1,909.3661994934082
0.0019523219671100378,1286,428,2,910.0073952674866
0.0017589342314749956,1287,429,0,910.8443546295166
0.002029336988925934,1288,429,1,911.454831123352
0.0019009269308298826,1289,429,2,912.1054062843323
0.0017183844465762377,1290,430,0,912.9516003131866
0.001725821872241795,1291,430,1,913.6021435260773
0.0018030544742941856,1292,430,2,914.2424638271332
0.001847072271630168,1293,431,0,915.0977759361267
0.001833448652178049,1294,431,1,915.7731444835663
0.001809633569791913,1295,431,2,916.4060695171356
0.0017607012996450067,1296,432,0,917.261702299118
0.0017474283231422305,1297,432,1,917.9214074611664
0.0019427252700552344,1298,432,2,918.5564246177673
0.0019360705045983195,1299,433,0,919.3836121559143
0.0017076119547709823,1300,433,1,920.0190086364746
0.0018014617962762713,1301,433,2,920.6769125461578
0.0020830361172556877,1302,434,0,921.5324347019196
0.0018260206561535597,1303,434,1,922.1660051345825
0.0016466592205688357,1304,434,2,922.7947463989258
0.0015607979148626328,1305,435,0,923.6183226108551
0.0018742409301921725,1306,435,1,924.2708170413971
0.0022518369369208813,1307,435,2,924.9061934947968
0.0016242547426372766,1308,436,0,925.7656016349792
0.00186927430331707,1309,436,1,926.3928182125092
0.0019366181222721934,1310,436,2,927.0360291004181
0.0017179776914417744,1311,437,0,927.8771731853485
0.0018367324955761433,1312,437,1,928.5021553039551
0.0018251690780743957,1313,437,2,929.1379487514496
0.0017348304390907288,1314,438,0,929.955747127533
0.0016566654667258263,1315,438,1,930.5903873443604
0.001920497976243496,1316,438,2,931.2298765182495
0.0017913776682689786,1317,439,0,932.0739908218384
0.0017473269253969193,1318,439,1,932.7071759700775
0.0017223755130544305,1319,439,2,933.3798987865448
0.0018043835880234838,1320,440,0,934.2221534252167
0.0017563002184033394,1321,440,1,934.8663988113403
0.001787860761396587,1322,440,2,935.5114121437073
0.0019352479139342904,1323,441,0,936.3427596092224
0.001833597430959344,1324,441,1,936.974390745163
0.001694678096100688,1325,441,2,937.646152973175
0.0017903568223118782,1326,442,0,938.4944546222687
0.0015994864515960217,1327,442,1,939.1508407592773
0.0018531294772401452,1328,442,2,939.7790987491608
0.001958487555384636,1329,443,0,940.6362280845642
0.0018021061550825834,1330,443,1,941.2840712070465
0.001769247930496931,1331,443,2,941.9285161495209
0.001734415185637772,1332,444,0,942.7951805591583
0.0017996313981711864,1333,444,1,943.4581670761108
0.0017665561754256487,1334,444,2,944.0964019298553
0.002100856974720955,1335,445,0,944.925922870636
0.0016089151613414288,1336,445,1,945.5825982093811
0.0017061879625543952,1337,445,2,946.2088704109192
0.0019865534268319607,1338,446,0,947.0478649139404
0.0016458104364573956,1339,446,1,947.679723739624
0.0017312885029241443,1340,446,2,948.311954498291
0.001661823596805334,1341,447,0,949.138345003128
0.0017916779033839703,1342,447,1,949.7706055641174
0.0018644374795258045,1343,447,2,950.424684047699
0.0016147061251103878,1344,448,0,951.2560548782349
0.0019177135545760393,1345,448,1,951.8906037807465
0.0018095336854457855,1346,448,2,952.5343995094299
0.0017878279322758317,1347,449,0,953.3987858295441
0.001695773215033114,1348,449,1,954.038628578186
0.0018063258612528443,1349,449,2,954.6594507694244
0.0017412062734365463,1350,450,0,955.5246884822845
0.0017198363784700632,1351,450,1,956.1692128181458
0.0016933446750044823,1352,450,2,956.8086857795715
0.0017056796932592988,1353,451,0,957.6441934108734
0.0021343380212783813,1354,451,1,958.2954552173615
0.0020123296417295933,1355,451,2,958.9159307479858
0.0017081424593925476,1356,452,0,959.7830102443695
0.0015744623960927129,1357,452,1,960.4292385578156
0.001904164208099246,1358,452,2,961.0539059638977
0.0015219496563076973,1359,453,0,961.8943912982941
0.0017970012268051505,1360,453,1,962.5098741054535
0.0015932623064145446,1361,453,2,963.1507387161255
0.0018384261056780815,1362,454,0,963.9846892356873
0.0018787092994898558,1363,454,1,964.6346054077148
0.0017199593130499125,1364,454,2,965.2829446792603
0.0018411444034427404,1365,455,0,966.1616549491882
0.001633866224437952,1366,455,1,966.7964668273926
0.0018323606345802546,1367,455,2,967.4411859512329
0.0016904857475310564,1368,456,0,968.2720901966095
0.0018614873988553882,1369,456,1,968.9167633056641
0.001653023762628436,1370,456,2,969.582453250885
0.0016055087326094508,1371,457,0,970.451849937439
0.0019218896050006151,1372,457,1,971.0746912956238
0.0015054482501000166,1373,457,2,971.7072947025299
0.0019407161744311452,1374,458,0,972.533595085144
0.0015983425546437502,1375,458,1,973.1869192123413
0.0018512707902118564,1376,458,2,973.823123216629
0.001710246317088604,1377,459,0,974.6776647567749
0.0016897665336728096,1378,459,1,975.3169145584106
0.0016850209794938564,1379,459,2,976.0016148090363
0.0017769804690033197,1380,460,0,976.8417284488678
0.0016693421639502048,1381,460,1,977.4864115715027
0.0018830753397196531,1382,460,2,978.1363041400909
0.0017152151558548212,1383,461,0,978.9890236854553
0.0017593468073755503,1384,461,1,979.6455481052399
0.0015701423399150372,1385,461,2,980.3297357559204
0.0016793952090665698,1386,462,0,981.1745145320892
0.0016929295379668474,1387,462,1,981.8118312358856
0.001755406497977674,1388,462,2,982.4550874233246
0.0016721999272704124,1389,463,0,983.2845704555511
0.001563902827911079,1390,463,1,983.9087917804718
0.0016895716544240713,1391,463,2,984.5410330295563
0.0017902152612805367,1392,464,0,985.4045021533966
0.0016312114894390106,1393,464,1,986.0711283683777
0.0017437468050047755,1394,464,2,986.7048063278198
0.0018517972202971578,1395,465,0,987.5721859931946
0.0015039232093840837,1396,465,1,988.1979002952576
0.0016379680018872023,1397,465,2,988.813129901886
0.0018312176689505577,1398,466,0,989.6465706825256
0.0018204327207058668,1399,466,1,990.2994692325592
0.0015420778654515743,1400,466,2,990.9403419494629
0.0020381896756589413,1401,467,0,991.7658557891846
0.0015488984063267708,1402,467,1,992.4091396331787
0.0017422439996153116,1403,467,2,993.060019493103
0.0015574870631098747,1404,468,0,993.9015183448792
0.0018358156085014343,1405,468,1,994.5435287952423
0.0017518708482384682,1406,468,2,995.2091026306152
0.0016355843981727958,1407,469,0,996.0509855747223
0.0016274587251245975,1408,469,1,996.6901528835297
0.0017711322288960218,1409,469,2,997.3514416217804
0.0018765993881970644,1410,470,0,998.1967687606812
0.0017235074192285538,1411,470,1,998.8348450660706
0.0018141131149604917,1412,470,2,999.4793758392334
0.0014636126579716802,1413,471,0,1000.3048286437988
0.00183747592382133,1414,471,1,1000.9258801937103
0.0016397055005654693,1415,471,2,1001.5724012851715
0.001602644333615899,1416,472,0,1002.4045977592468
0.0015931823290884495,1417,472,1,1003.0597314834595
0.001738238031975925,1418,472,2,1003.6978113651276
0.0015272204764187336,1419,473,0,1004.5246322154999
0.0017836205661296844,1420,473,1,1005.142302274704
0.001610319595783949,1421,473,2,1005.7649648189545
0.0017171353101730347,1422,474,0,1006.6052522659302
0.0015981175238266587,1423,474,1,1007.2250964641571
0.0017011275049299002,1424,474,2,1007.8648340702057
0.0019437541486695409,1425,475,0,1008.7025990486145
0.0018840101547539234,1426,475,1,1009.3395128250122
0.0014559822157025337,1427,475,2,1009.9951615333557
0.0017883330583572388,1428,476,0,1010.8599712848663
0.00166938710026443,1429,476,1,1011.5112564563751
0.0014781863428652287,1430,476,2,1012.1471259593964
0.0018190382979810238,1431,477,0,1013.0388615131378
0.0014201255980879068,1432,477,1,1013.6747381687164
0.0018882974982261658,1433,477,2,1014.3157818317413
0.0016843684716150165,1434,478,0,1015.1857419013977
0.0018600169569253922,1435,478,1,1015.8140802383423
0.0015749117592349648,1436,478,2,1016.4674589633942
0.001639270456507802,1437,479,0,1017.2808907032013
0.0016469702823087573,1438,479,1,1017.9303352832794
0.0016610720194876194,1439,479,2,1018.5644207000732
0.0015407790197059512,1440,480,0,1019.4236788749695
0.0016712530050426722,1441,480,1,1020.0438194274902
0.001729609677568078,1442,480,2,1020.6879386901855
0.0016228810418397188,1443,481,0,1021.5320935249329
0.0016459152102470398,1444,481,1,1022.1780943870544
0.0014657186111435294,1445,481,2,1022.8415148258209
0.0018315648194402456,1446,482,0,1023.6638867855072
0.0016469729598611593,1447,482,1,1024.2812342643738
0.0016397981671616435,1448,482,2,1024.9190165996552
0.0016698798863217235,1449,483,0,1025.77685546875
0.0017025212291628122,1450,483,1,1026.4231221675873
0.0016706169117242098,1451,483,2,1027.0306973457336
0.0014165386091917753,1452,484,0,1027.8692569732666
0.0016735377721488476,1453,484,1,1028.5112113952637
0.0015570647083222866,1454,484,2,1029.149909734726
0.0018828455358743668,1455,485,0,1030.0002403259277
0.0019034161232411861,1456,485,1,1030.6423275470734
0.0013979912037029862,1457,485,2,1031.2699732780457
0.0017777334433048964,1458,486,0,1032.1084651947021
0.001581272459588945,1459,486,1,1032.7521374225616
0.0016166314017027617,1460,486,2,1033.3952033519745
0.0016311081126332283,1461,487,0,1034.2512159347534
0.0016325846081599593,1462,487,1,1034.8778281211853
0.00157108751591295,1463,487,2,1035.5302362442017
0.0016771291848272085,1464,488,0,1036.3680250644684
0.0015921415761113167,1465,488,1,1037.0219161510468
0.0017747380770742893,1466,488,2,1037.6502254009247
0.0016467021778225899,1467,489,0,1038.4756665229797
0.001678341068327427,1468,489,1,1039.119922876358
0.0014623759780079126,1469,489,2,1039.7591729164124
0.001584680867381394,1470,490,0,1040.602790594101
0.0015553031116724014,1471,490,1,1041.234854221344
0.0018043218879029155,1472,490,2,1041.8611044883728
0.0014931668993085623,1473,491,0,1042.7308776378632
0.0015260607469826937,1474,491,1,1043.3595197200775
0.0016255208756774664,1475,491,2,1043.9859743118286
0.0016780374571681023,1476,492,0,1044.8166851997375
0.0016994301695376635,1477,492,1,1045.4522595405579
0.0015779028180986643,1478,492,2,1046.075800895691
0.0016591926105320454,1479,493,0,1046.9224879741669
0.00166316085960716,1480,493,1,1047.5788416862488
0.0015313306357711554,1481,493,2,1048.190229177475
0.0015111872926354408,1482,494,0,1049.0531558990479
0.0016392454272136092,1483,494,1,1049.71577334404
0.0015939485747367144,1484,494,2,1050.3396637439728
0.0015996956499293447,1485,495,0,1051.19735789299
0.0014950183685868979,1486,495,1,1051.847890138626
0.0017425725236535072,1487,495,2,1052.4931182861328
0.0016863055061548948,1488,496,0,1053.3382413387299
0.0015782418195158243,1489,496,1,1053.9760174751282
0.0015551663236692548,1490,496,2,1054.6223452091217
0.0015647022519260645,1491,497,0,1055.4935529232025
0.0016059580957517028,1492,497,1,1056.1124334335327
0.001605916186235845,1493,497,2,1056.7562408447266
0.0015024457825347781,1494,498,0,1057.6262567043304
0.00144273042678833,1495,498,1,1058.2523248195648
0.0016123712994158268,1496,498,2,1058.8863554000854
0.0017816282343119383,1497,499,0,1059.7141366004944
0.0017350905109196901,1498,499,1,1060.3555471897125
0.0013870333787053823,1499,499,2,1060.9923810958862
